{"noiseKey":{"private":{"type":"Buffer","data":"yCVFrPgvtunQwi/lLfKtJ4JKBl/5S43zpzrLKn0Naks="},"public":{"type":"Buffer","data":"4/bZiEtzql5nf2XZqj19FzzPWia6Jo1i8QozDwcpw2o="}},"pairingEphemeralKeyPair":{"private":{"type":"Buffer","data":"ECtaaEch5ez9+vydnXxUFbCpEXH1asXCzn9qyFkE0HY="},"public":{"type":"Buffer","data":"Q8vq5hOvJZTWF3qsTb0KLPbBvhCSOOwudx71qU7inVI="}},"signedIdentityKey":{"private":{"type":"Buffer","data":"AF0ujjhTDdp/UJFin6mh+QxIOj5zSJQJXjNKDKTJVUk="},"public":{"type":"Buffer","data":"jH6NHr6fH0QFL7ZgcCKWaJhMk6iKDwDHNf0g9R8XPVg="}},"signedPreKey":{"keyPair":{"private":{"type":"Buffer","data":"wEMqnmA/O1Y5qorr4Pi7YfnOtik0uOESgAsE+3tAg3k="},"public":{"type":"Buffer","data":"WU7W6zkk2fnF6OBOHVRQAWeqGzroZuMWosJO/E7i3Sk="}},"signature":{"type":"Buffer","data":"/NDd3IZxnVqFqxPBbSFhZAuLy3+WfQyJIkg2Pl5C0WilNjLR2a/mj8fdei7KPz79YjZOpAyr3WZxcLGQeuBYjQ=="},"keyId":1},"registrationId":38,"advSecretKey":"snx4sYRbJP7pccRbjIda0Eb/6bw7QhKVvka/zBiEaSs=","processedHistoryMessages":[],"nextPreKeyId":31,"firstUnuploadedPreKeyId":31,"accountSyncCounter":1,"accountSettings":{"unarchiveChats":false},"deviceId":"QA3Piu0kQ3Ou3tfEioYRCA","phoneId":"1fbb9154-67d6-4517-8664-6545deda12e1","identityId":{"type":"Buffer","data":"ykFIxhQGCkVbG0EubvrqkqEbnGE="},"registered":true,"backupToken":{"type":"Buffer","data":"3j3FUEhZ131FTi2qb7g2x0DE7i4="},"registration":{},"pairingCode":"G5RYHTSL","me":{"id":"967715343592:31@s.whatsapp.net","lid":"259536803872836:31@lid","name":"ddsssff057"},"account":{"details":"CLDjwtgHEOjSi7cGGAEgACgA","accountSignatureKey":"ylCqbSBjWdI73UW252/xSSLR8XM8cWnb6oj24ctoVRs=","accountSignature":"EPCXITUzbk7K7j4dW/TUvqUUvfkvcAL6WRVAC4j2FrPKbKuOQ62zdIOWIQ7TEP+3zWgm6dtdl6vuAr2kKz6RAQ==","deviceSignature":"82kECD3phA3G46lsUsqOioWwQEf6dR+FKjv+rn8/6XIqPRPFJ6R2vLUsLPFt+sKHmdB2M8XmRzcLpZCYkaXojw=="},"signalIdentities":[{"identifier":{"name":"967715343592:31@s.whatsapp.net","deviceId":0},"identifierKey":{"type":"Buffer","data":"BcpQqm0gY1nSO91Ftudv8Uki0fFzPHFp2+qI9uHLaFUb"}}],"platform":"android","routingInfo":{"type":"Buffer","data":"CA0IAg=="},"lastAccountSyncTimestamp":1726146935,"myAppStateKeyId":"AAAAAJnx","lastPropHash":"3A8rFg"}